"","edad_gama","Fecha","ingresos","trend"
"7","25-29",Apr 2003,647.570274449613,639.873856116047
"9","25-29",May 2003,675.828147070441,663.093878164553
"11","25-29",Jun 2003,693.222792093448,680.724510771759
"13","25-29",Jul 2003,709.390913551517,695.155855719504
"15","25-29",Aug 2003,723.356397667051,705.846249818169
"17","25-29",Sep 2003,760.19876401105,715.164533185117
"19","25-29",Oct 2003,736.01976023923,723.7609329222
"21","25-29",Nov 2003,728.515176239518,730.94145089655
"23","25-29",Dec 2003,796.759469958957,737.245014342431
"25","25-29",Jan 2004,722.360357785448,742.809848148317
"27","25-29",Feb 2004,714.74185690297,747.413346665215
"29","25-29",Mar 2004,731.139082939808,752.08046686288
"31","25-29",Apr 2004,739.626678764322,756.889591563818
"33","25-29",May 2004,756.104174140132,761.218064759089
"35","25-29",Jun 2004,764.232287724892,765.844201387445
"37","25-29",Jul 2004,771.937429261335,769.498390180374
"39","25-29",Aug 2004,771.293846362778,771.612069582741
"41","25-29",Sep 2004,824.27220005929,773.305626154019
"43","25-29",Oct 2004,787.365317013503,775.114977302468
"45","25-29",Nov 2004,781.052976151747,776.644879733171
"47","25-29",Dec 2004,855.248949127261,777.692397563206
"49","25-29",Jan 2005,751.571409647456,779.0742033012
"51","25-29",Feb 2005,736.25911069776,781.282801055667
"53","25-29",Mar 2005,750.2671868557,783.004658392781
"55","25-29",Apr 2005,763.923002411205,783.550918347135
"57","25-29",May 2005,768.525508830112,784.146615172308
"59","25-29",Jun 2005,776.951380955766,785.227669955299
"61","25-29",Jul 2005,792.3816737423,785.429683176296
"63","25-29",Aug 2005,803.855947989035,784.697440031521
"65","25-29",Sep 2005,833.034674523774,783.994358309193
"67","25-29",Oct 2005,791.713081453505,783.309787761408
"69","25-29",Nov 2005,791.00193551589,783.108403394861
"71","25-29",Dec 2005,871.245304554903,782.913522481767
"73","25-29",Jan 2006,740.423371523752,782.071842556472
"75","25-29",Feb 2006,729.833313346866,780.671490434903
"77","25-29",Mar 2006,739.819022870704,779.872468144391
"79","25-29",Apr 2006,757.941473249374,780.061390841775
"81","25-29",May 2006,769.673813194805,780.617515084894
"83","25-29",Jun 2006,771.125934676821,781.158564686735
"85","25-29",Jul 2006,778.006801814161,781.513545051652
"87","25-29",Aug 2006,784.622368999534,782.034881379677
"89","25-29",Sep 2006,833.091718540987,782.85757404982
"91","25-29",Oct 2006,796.190182173492,783.340976726445
"93","25-29",Nov 2006,799.871816630769,782.811517231931
"95","25-29",Dec 2006,875.360613884199,781.85778960314
"97","25-29",Jan 2007,744.827590952466,781.272396445024
"99","25-29",Feb 2007,737.941165790755,781.364187696907
"101","25-29",Mar 2007,751.45579451025,781.336989869074
"103","25-29",Apr 2007,757.906365848827,780.585267228331
"105","25-29",May 2007,757.001892727027,779.227583474308
"107","25-29",Jun 2007,760.908392053614,778.066683320487
"109","25-29",Jul 2007,774.174908642563,777.943633768427
"111","25-29",Aug 2007,790.657252216329,777.853642129149
"113","25-29",Sep 2007,826.404087456204,777.167564378116
"115","25-29",Oct 2007,784.836469880441,776.12247700368
"117","25-29",Nov 2007,778.641118827268,775.394848011177
"119","25-29",Dec 2007,868.729707996008,774.537640015632
"121","25-29",Jan 2008,748.505307591208,773.404754996078
"123","25-29",Feb 2008,732.103649809342,772.070263236066
"125","25-29",Mar 2008,740.827444466858,770.634679535502
"127","25-29",Apr 2008,743.452618905774,769.301792706362
"129","25-29",May 2008,753.992543850003,768.351005312844
"131","25-29",Jun 2008,743.344749037556,768.258787562762
"133","25-29",Jul 2008,764.549311189332,768.235035576344
"135","25-29",Aug 2008,768.255047429274,768.832270888265
"137","25-29",Sep 2008,814.352283429721,770.140757975665
"139","25-29",Oct 2008,764.898990007565,771.956830678385
"141","25-29",Nov 2008,775.759701255712,773.967161333109
"143","25-29",Dec 2008,869.397899565587,776.087418066989
"145","25-29",Jan 2009,747.267068347591,778.640582282837
"147","25-29",Feb 2009,747.675536539079,781.701624110661
"149","25-29",Mar 2009,756.659247834713,784.568948640847
"151","25-29",Apr 2009,771.206560403194,787.107159143153
"153","25-29",May 2009,774.48653806596,789.64291335175
"155","25-29",Jun 2009,773.736916434734,791.703149698936
"157","25-29",Jul 2009,795.433084972494,793.210617118592
"159","25-29",Aug 2009,810.836277513885,793.927653884679
"161","25-29",Sep 2009,840.586842069587,794.557820785234
"163","25-29",Oct 2009,799.581483423044,795.256216997117
"165","25-29",Nov 2009,801.93530884656,795.942189725091
"167","25-29",Dec 2009,892.667964307209,796.844495955202
"169","25-29",Jan 2010,760.176221677693,797.144185117018
"171","25-29",Feb 2010,751.975265595078,796.437172886078
"173","25-29",Mar 2010,767.483524392038,796.706252322927
"175","25-29",Apr 2010,777.143792931047,798.02747704713
"177","25-29",May 2010,785.012651009492,798.655446453308
"179","25-29",Jun 2010,784.866153013853,799.41041315458
"181","25-29",Jul 2010,791.496388276958,800.320835408109
"183","25-29",Aug 2010,797.804680666866,800.912237005888
"185","25-29",Sep 2010,860.076345400977,801.349687469002
"187","25-29",Oct 2010,811.801373472539,801.491262752191
"189","25-29",Nov 2010,804.786684545335,801.739277563213
"191","25-29",Dec 2010,907.935789438968,802.475386506512
"193","25-29",Jan 2011,766.758530630617,803.930889188158
"195","25-29",Feb 2011,759.586594988853,806.179881377808
"197","25-29",Mar 2011,770.371006113005,808.407120791592
"199","25-29",Apr 2011,777.654118006624,809.947652244834
"201","25-29",May 2011,790.454681398424,811.659499170153
"203","25-29",Jun 2011,797.090737264101,813.253123199992
"205","25-29",Jul 2011,814.203868386223,814.601985883661
"207","25-29",Aug 2011,829.073013109199,816.507695552518
"209","25-29",Sep 2011,882.261758889445,818.844532987511
"211","25-29",Oct 2011,826.588714861894,821.676484793549
"213","25-29",Nov 2011,831.083669363627,824.513619977202
"215","25-29",Dec 2011,919.885781336815,827.069871194296
"217","25-29",Jan 2012,787.18124314082,830.022312948311
"219","25-29",Feb 2012,784.900914531238,833.047766052812
"221","25-29",Mar 2012,801.140785010452,835.907876572035
"223","25-29",Apr 2012,814.851182454092,839.150646008086
"225","25-29",May 2012,821.34886135862,842.55030787321
"227","25-29",Jun 2012,827.546586514153,845.920927740486
"229","25-29",Jul 2012,854.606621232541,849.246682441394
"231","25-29",Aug 2012,861.281134770887,852.028633372524
"233","25-29",Sep 2012,918.696289689118,854.297912266048
"235","25-29",Oct 2012,867.980650527443,856.550177109662
"237","25-29",Nov 2012,871.283618461059,858.677588864452
"239","25-29",Dec 2012,960.580709054005,860.436814385629
"241","25-29",Jan 2013,826.304428245434,861.651504287651
"243","25-29",Feb 2013,812.544551773732,863.030044843083
"245","25-29",Mar 2013,827.959841212547,864.725749418651
"247","25-29",Apr 2013,842.086482498716,866.45813989918
"249","25-29",May 2013,845.171443428956,868.498629245339
"251","25-29",Jun 2013,845.945416952064,870.556520711341
"253","25-29",Jul 2013,865.360348443157,872.616140870204
"255","25-29",Aug 2013,883.612380890645,875.089332384569
"257","25-29",Sep 2013,937.061953382994,877.498532004896
"259","25-29",Oct 2013,891.192358366266,879.207420959547
"261","25-29",Nov 2013,897.043654930054,880.495568386629
"263","25-29",Dec 2013,984.21006776905,881.845347976079
"265","25-29",Jan 2014,852.105953343093,883.535315768743
"267","25-29",Feb 2014,846.099623020848,884.796790098312
"269","25-29",Mar 2014,852.22556085328,885.276896729709
"271","25-29",Apr 2014,858.834097769597,885.073428297341
"273","25-29",May 2014,859.339366408052,884.578060349587
"275","25-29",Jun 2014,864.172204119764,884.581023090842
"277","25-29",Jul 2014,887.6927882994,884.755335318439
"279","25-29",Aug 2014,891.555324944061,884.824005720608
"281","25-29",Sep 2014,940.641568483091,884.977934708078
"283","25-29",Oct 2014,882.729500889328,885.366928687682
"285","25-29",Nov 2014,893.617681660909,885.722225854544
"287","25-29",Dec 2014,987.707146828313,885.907122750483
"289","25-29",Jan 2015,852.792367746161,886.089305370874
"291","25-29",Feb 2015,847.061298269818,885.842226582139
"293","25-29",Mar 2015,854.958181303607,885.12299972995
"295","25-29",Apr 2015,865.437332829748,884.815484925244
"297","25-29",May 2015,861.263263352603,884.775889028832
"299","25-29",Jun 2015,866.685832677746,883.994261497346
"301","25-29",Jul 2015,889.551542630802,883.315705310204
"303","25-29",Aug 2015,883.766679683028,883.123603408229
"305","25-29",Sep 2015,931.168769291591,883.025912043809
"307","25-29",Oct 2015,884.821944767865,882.816284376487
"309","25-29",Nov 2015,890.574936268487,882.400142051748
"311","25-29",Dec 2015,971.990831465078,881.865929416182
"313","25-29",Jan 2016,852.22333461799,880.994909646275
"315","25-29",Feb 2016,843.019885750576,880.475875019547
"317","25-29",Mar 2016,856.655001076782,880.174609118206
"319","25-29",Apr 2016,858.709449040843,879.936344529194
"321","25-29",May 2016,858.003731347777,879.69224614045
"323","25-29",Jun 2016,857.124261428972,879.593463453698
"325","25-29",Jul 2016,878.208639401811,879.609988271479
"327","25-29",Aug 2016,882.652751870553,879.201941743201
"329","25-29",Sep 2016,925.052315471872,878.721342357811
"331","25-29",Oct 2016,885.220048451321,878.586834799302
"333","25-29",Nov 2016,884.318471255175,878.695210774942
"335","25-29",Dec 2016,975.876511996321,878.902488692587
"337","25-29",Jan 2017,848.734249713511,878.879018973982
"339","25-29",Feb 2017,836.715853976378,878.51262654281
"341","25-29",Mar 2017,851.42464760162,878.633995756532
"343","25-29",Apr 2017,860.711621111786,878.727821926055
"345","25-29",May 2017,858.602582692191,878.657159408267
"347","25-29",Jun 2017,861.500080108051,878.283300968014
"349","25-29",Jul 2017,873.269547476196,877.334536545165
"351","25-29",Aug 2017,878.798425448054,876.843829811271
"353","25-29",Sep 2017,931.819503023681,876.885784008929
"355","25-29",Oct 2017,880.704688968081,876.617273011591
"357","25-29",Nov 2017,887.137930311494,876.144070411882
"359","25-29",Dec 2017,964.084450373927,875.942392684223
"361","25-29",Jan 2018,837.755965187535,875.738696982723
"363","25-29",Feb 2018,835.917176888896,875.307550427308
"365","25-29",Mar 2018,853.230225432885,874.992994116454
"367","25-29",Apr 2018,852.461779344412,875.200513330833
"369","25-29",May 2018,855.495562066559,875.508280233581
"371","25-29",Jun 2018,859.766835269868,875.827160214261
"373","25-29",Jul 2018,870.11409547838,876.417827201618
"375","25-29",Aug 2018,871.606360115904,876.642710609862
"377","25-29",Sep 2018,931.462216895322,876.881743809459
"379","25-29",Oct 2018,886.04243624154,877.958056664494
"381","25-29",Nov 2018,889.186588703996,879.087942362272
"383","25-29",Dec 2018,969.688911517739,880.017447305375
"385","25-29",Jan 2019,846.32751174029,881.040720316801
"387","25-29",Feb 2019,832.742832134016,882.020297525726
"389","25-29",Mar 2019,862.14136697808,882.824722774386
"391","25-29",Apr 2019,869.382146320053,883.296649378836
"393","25-29",May 2019,865.692451837605,883.451345985711
"395","25-29",Jun 2019,871.878064133283,883.485253539576
"397","25-29",Jul 2019,882.561418889193,883.951237512954
"399","25-29",Aug 2019,882.668889719277,884.957486307008
"401","25-29",Sep 2019,939.705893259793,885.628115393362
"403","25-29",Oct 2019,889.124998383874,885.205275602898
"405","25-29",Nov 2019,889.816745126655,885.386613082988
"407","25-29",Dec 2019,969.872536387849,887.291837093768
"409","25-29",Jan 2020,857.327502231242,889.4734217
"411","25-29",Feb 2020,845.892812700377,891.211182477432
"413","25-29",Mar 2020,865.086484484212,892.168711787836
"415","25-29",Apr 2020,856.288873842783,892.592333224864
"417","25-29",May 2020,883.137823837028,893.676413048716
"419","25-29",Jun 2020,900.158068392593,895.338986582756
"421","25-29",Jul 2020,906.639445179452,896.220774113095
"423","25-29",Aug 2020,900.297122087375,896.797904618172
"425","25-29",Sep 2020,945.058364341396,898.005448510897
"427","25-29",Oct 2020,893.939441790927,900.123023123359
"429","25-29",Nov 2020,911.020217492053,901.701098616825
"431","25-29",Dec 2020,988.570828839414,902.224365141614
"433","25-29",Jan 2021,859.792110507811,903.223618418199
"435","25-29",Feb 2021,857.279336545667,904.478631879199
"437","25-29",Mar 2021,882.681014064308,905.696514077418
"439","25-29",Apr 2021,889.516134961778,906.905995617305
"441","25-29",May 2021,887.784374561212,907.637456006146
"443","25-29",Jun 2021,908.069914263351,907.951517158523
"445","25-29",Jul 2021,922.709677946736,908.930145187378
"447","25-29",Aug 2021,914.34721238409,910.472633330489
"449","25-29",Sep 2021,960.237446801937,911.27979290537
"451","25-29",Oct 2021,907.787916287675,911.138745855175
"453","25-29",Nov 2021,914.726792327495,911.12366579291
"455","25-29",Dec 2021,992.401721661006,910.943751465361
"457","25-29",Jan 2022,879.448290378751,910.000976242709
"459","25-29",Feb 2022,874.642872109389,909.646003766733
"461","25-29",Mar 2022,884.689308297728,910.043810733582
"463","25-29",Apr 2022,884.122711523695,910.767745765835
"465","25-29",May 2022,892.815876504914,911.246051348455
"467","25-29",Jun 2022,898.720468458481,911.761245946441
"469","25-29",Jul 2022,909.432518407954,912.604727328841
"471","25-29",Aug 2022,919.10503249946,913.129380492786
"473","25-29",Sep 2022,965.026993890936,913.709300419464
"475","25-29",Oct 2022,920.372809972762,914.878956306256
"477","25-29",Nov 2022,913.621232625291,916.576986436419
"479","25-29",Dec 2022,1005.87195171486,918.757939444621
"481","25-29",Jan 2023,886.221613502498,921.490185400806
"483","25-29",Feb 2023,880.461224920318,924.168550371993
"485","25-29",Mar 2023,892.789033727063,927.048311311681
"487","25-29",Apr 2023,904.094727377367,930.314049523229
"489","25-29",May 2023,913.596583775168,933.455596976717
"491","25-29",Jun 2023,930.282633385074,936.595550212636
"493","25-29",Jul 2023,943.444256429794,940.137850408968
"495","25-29",Aug 2023,949.374053786106,943.413131284481
"497","25-29",Sep 2023,1003.87223515681,946.504670630371
"511","35-50",Apr 2003,633.445375917684,612.358890294683
"513","35-50",May 2003,657.170353314388,632.881009104468
"515","35-50",Jun 2003,667.477215700588,648.270731349168
"517","35-50",Jul 2003,679.427072565793,661.060478049622
"519","35-50",Aug 2003,688.856947273219,672.377057192379
"521","35-50",Sep 2003,704.133569692398,682.545294130407
"523","35-50",Oct 2003,675.291718917539,691.436152924866
"525","35-50",Nov 2003,674.463556296695,698.950182220548
"527","35-50",Dec 2003,719.161972276361,705.736284179097
"529","35-50",Jan 2004,713.028052317792,712.062387570013
"531","35-50",Feb 2004,716.539271013085,717.572235199035
"533","35-50",Mar 2004,719.483241240495,723.266842406165
"535","35-50",Apr 2004,730.956353062381,729.478006386345
"537","35-50",May 2004,739.996079266071,735.585078291524
"539","35-50",Jun 2004,747.51793675407,741.882112782577
"541","35-50",Jul 2004,751.212832894308,748.449365070499
"543","35-50",Aug 2004,749.307530041235,754.991264861044
"545","35-50",Sep 2004,780.353559895492,761.188062448026
"547","35-50",Oct 2004,748.13966423878,767.274944363772
"549","35-50",Nov 2004,748.185336699752,772.884690745419
"551","35-50",Dec 2004,796.569019658568,778.101564519613
"553","35-50",Jan 2005,793.235059845709,783.844529512254
"555","35-50",Feb 2005,793.337858458246,790.310060190913
"557","35-50",Mar 2005,791.407795882907,796.289513720425
"559","35-50",Apr 2005,805.11696439786,801.596931040899
"561","35-50",May 2005,800.469381090133,806.890440739818
"563","35-50",Jun 2005,812.24960551065,812.25627359374
"565","35-50",Jul 2005,824.312323961121,816.884004667056
"567","35-50",Aug 2005,831.380775262238,819.191057257901
"569","35-50",Sep 2005,841.787199382774,820.438659232666
"571","35-50",Oct 2005,814.084040442885,823.299897122459
"573","35-50",Nov 2005,809.28519326969,827.969232962336
"575","35-50",Dec 2005,864.24915158276,832.697444745751
"577","35-50",Jan 2006,836.620473681099,836.570570217599
"579","35-50",Feb 2006,805.321706803136,839.910226188803
"581","35-50",Mar 2006,809.366394932379,844.320890465552
"583","35-50",Apr 2006,855.828074703434,849.250686485155
"585","35-50",May 2006,861.82233094161,853.85465818654
"587","35-50",Jun 2006,864.373738461128,858.943329690787
"589","35-50",Jul 2006,865.143202334993,864.471720381946
"591","35-50",Aug 2006,870.701640197253,871.5603257129
"593","35-50",Sep 2006,908.322277089745,879.92107807291
"595","35-50",Oct 2006,865.86406720638,886.747749162244
"597","35-50",Nov 2006,868.000487339448,891.84923283615
"599","35-50",Dec 2006,927.661973614931,896.463773305737
"601","35-50",Jan 2007,905.889028236732,901.269357651534
"603","35-50",Feb 2007,906.179680190401,906.66544533688
"605","35-50",Mar 2007,909.166478185347,911.953754358329
"607","35-50",Apr 2007,919.868097594479,916.805135534655
"609","35-50",May 2007,920.21791622431,921.001027433992
"611","35-50",Jun 2007,916.727124448521,925.205983116824
"613","35-50",Jul 2007,928.123840646725,930.279535848256
"615","35-50",Aug 2007,937.227106333829,935.463977792929
"617","35-50",Sep 2007,968.716227467946,940.25614869826
"619","35-50",Oct 2007,921.903265059994,944.415822572272
"621","35-50",Nov 2007,912.662695069929,948.493546245945
"623","35-50",Dec 2007,983.918702272411,952.533648279026
"625","35-50",Jan 2008,971.397565133629,956.342879219208
"627","35-50",Feb 2008,965.097749965655,960.093679149083
"629","35-50",Mar 2008,965.260510138044,963.712413317152
"631","35-50",Apr 2008,963.60623861807,967.120671783095
"633","35-50",May 2008,974.345143368872,970.93368168125
"635","35-50",Jun 2008,959.562346097898,976.155519869204
"637","35-50",Jul 2008,976.710161561722,981.932131561665
"639","35-50",Aug 2008,978.65998373583,988.020479703834
"641","35-50",Sep 2008,1014.1329700996,994.960804072782
"643","35-50",Oct 2008,958.28472561097,1002.94466381666
"645","35-50",Nov 2008,967.793472074665,1011.47899072378
"647","35-50",Dec 2008,1054.11204177856,1020.45605517195
"649","35-50",Jan 2009,1039.84290624656,1030.19113227745
"651","35-50",Feb 2009,1042.77276426477,1040.35044720427
"653","35-50",Mar 2009,1054.1532806937,1050.31854965486
"655","35-50",Apr 2009,1066.32610191541,1060.29560225516
"657","35-50",May 2009,1076.44912584238,1070.51427493124
"659","35-50",Jun 2009,1072.90791038065,1080.6141033228
"661","35-50",Jul 2009,1097.00644781095,1090.39501466185
"663","35-50",Aug 2009,1102.18725573026,1099.36330785877
"665","35-50",Sep 2009,1129.84015691929,1107.94375310981
"667","35-50",Oct 2009,1082.02680119856,1116.6259466102
"669","35-50",Nov 2009,1089.29954071287,1124.55266876195
"671","35-50",Dec 2009,1175.00185453786,1131.99912184643
"673","35-50",Jan 2010,1153.69496562442,1138.93292416712
"675","35-50",Feb 2010,1144.15974161297,1145.12505850591
"677","35-50",Mar 2010,1158.69698937047,1153.18317027268
"679","35-50",Apr 2010,1170.1550372481,1162.35302890558
"681","35-50",May 2010,1162.86152215163,1170.31530907595
"683","35-50",Jun 2010,1165.2103880988,1178.60244389633
"685","35-50",Jul 2010,1171.11522578956,1186.79827789841
"687","35-50",Aug 2010,1176.68970188244,1193.82692086214
"689","35-50",Sep 2010,1248.73239316963,1200.33209441205
"691","35-50",Oct 2010,1183.21117213774,1206.11312862647
"693","35-50",Nov 2010,1179.20989386276,1212.10834432674
"695","35-50",Dec 2010,1283.98273707713,1218.82729430096
"697","35-50",Jan 2011,1241.41409913501,1226.10555928174
"699","35-50",Feb 2011,1225.12803923178,1234.13277833948
"701","35-50",Mar 2011,1233.85285694953,1241.93423424742
"703","35-50",Apr 2011,1233.74399081512,1248.91654032713
"705","35-50",May 2011,1243.1577453911,1255.41538542521
"707","35-50",Jun 2011,1246.16896424061,1261.33959108843
"709","35-50",Jul 2011,1264.83500918649,1267.27099565975
"711","35-50",Aug 2011,1275.62317587129,1273.83201649446
"713","35-50",Sep 2011,1337.03386097142,1281.22700623542
"715","35-50",Oct 2011,1262.48505024897,1289.67879333622
"717","35-50",Nov 2011,1255.90829810528,1298.14252946864
"719","35-50",Dec 2011,1349.46526875207,1306.21904056706
"721","35-50",Jan 2012,1318.28527717165,1314.55122248437
"723","35-50",Feb 2012,1305.72136122831,1322.67903053038
"725","35-50",Mar 2012,1330.73928873606,1330.18102036945
"727","35-50",Apr 2012,1339.7004494477,1337.73193565601
"729","35-50",May 2012,1340.33095393664,1346.02151681779
"731","35-50",Jun 2012,1342.832022057,1355.60357928016
"733","35-50",Jul 2012,1368.14431738551,1365.35857795959
"735","35-50",Aug 2012,1367.38126077663,1374.39167648354
"737","35-50",Sep 2012,1425.32353220377,1382.82021810627
"739","35-50",Oct 2012,1355.4173458941,1390.69066486475
"741","35-50",Nov 2012,1361.92595034274,1398.51215621195
"743","35-50",Dec 2012,1473.41711561149,1405.9896129091
"745","35-50",Jan 2013,1428.45339861856,1412.70896817867
"747","35-50",Feb 2013,1412.34760435618,1419.65480637885
"749","35-50",Mar 2013,1426.39804455375,1427.543296133
"751","35-50",Apr 2013,1432.93241583365,1435.951749883
"753","35-50",May 2013,1434.81477988345,1444.0751177873
"755","35-50",Jun 2013,1427.80715684184,1451.02836347454
"757","35-50",Jul 2013,1444.43370907016,1457.21666733997
"759","35-50",Aug 2013,1457.79198589647,1462.99895051411
"761","35-50",Sep 2013,1524.23656118336,1467.84606463139
"763","35-50",Oct 2013,1458.30720691463,1471.64665791577
"765","35-50",Nov 2013,1453.9969190253,1475.03384403971
"767","35-50",Dec 2013,1548.22404342281,1478.78389373742
"769","35-50",Jan 2014,1502.1657635776,1482.83041675387
"771","35-50",Feb 2014,1477.41003557643,1486.82189995247
"773","35-50",Mar 2014,1477.66635214827,1490.18229166372
"775","35-50",Apr 2014,1472.87834706434,1492.15654624558
"777","35-50",May 2014,1476.16131562718,1493.93726427419
"779","35-50",Jun 2014,1476.46181384317,1497.22293616233
"781","35-50",Jul 2014,1492.8956044637,1500.6681840572
"783","35-50",Aug 2014,1505.12568726934,1503.4071031048
"785","35-50",Sep 2014,1557.55226088031,1506.55985397113
"787","35-50",Oct 2014,1472.37361718232,1510.19882726822
"789","35-50",Nov 2014,1482.66774144429,1513.62720129812
"791","35-50",Dec 2014,1598.40934631915,1516.54437830939
"793","35-50",Jan 2015,1534.66641015813,1519.6047623256
"795","35-50",Feb 2015,1510.64344613838,1522.03830268483
"797","35-50",Mar 2015,1520.09896237822,1523.75430102056
"799","35-50",Apr 2015,1517.78109596448,1526.51774115993
"801","35-50",May 2015,1513.53954344459,1529.59216453797
"803","35-50",Jun 2015,1509.0958342964,1531.51322709107
"805","35-50",Jul 2015,1533.71080039945,1532.57320800033
"807","35-50",Aug 2015,1522.71545995503,1533.4307091637
"809","35-50",Sep 2015,1581.14644825212,1534.65937562866
"811","35-50",Oct 2015,1515.10199315544,1536.031890705
"813","35-50",Nov 2015,1513.72552654413,1536.7834117811
"815","35-50",Dec 2015,1613.45706249362,1537.47010235777
"817","35-50",Jan 2016,1545.05823580592,1538.20778595446
"819","35-50",Feb 2016,1520.83164841159,1539.19304727109
"821","35-50",Mar 2016,1539.39875526411,1540.61334625129
"823","35-50",Apr 2016,1531.42166491072,1541.72477767068
"825","35-50",May 2016,1517.93548032474,1542.72988642003
"827","35-50",Jun 2016,1521.1804712564,1544.58398894185
"829","35-50",Jul 2016,1539.33056975994,1546.90713476846
"831","35-50",Aug 2016,1540.74196219371,1548.58272722899
"833","35-50",Sep 2016,1597.20712153821,1549.79140636694
"835","35-50",Oct 2016,1525.71567393466,1551.60807332552
"837","35-50",Nov 2016,1527.23445574926,1554.50874128861
"839","35-50",Dec 2016,1644.44659381223,1557.92658870249
"841","35-50",Jan 2017,1569.82420432591,1561.05162442656
"843","35-50",Feb 2017,1536.27989894439,1563.68856200413
"845","35-50",Mar 2017,1552.9588040422,1566.75069582995
"847","35-50",Apr 2017,1561.46162313833,1570.0801138599
"849","35-50",May 2017,1557.51155321148,1573.4280293009
"851","35-50",Jun 2017,1563.63273630278,1576.33675219303
"853","35-50",Jul 2017,1571.87916209118,1578.30471761415
"855","35-50",Aug 2017,1571.47987172423,1580.34679486494
"857","35-50",Sep 2017,1639.96042382723,1583.71729213235
"859","35-50",Oct 2017,1562.86840436453,1587.17971884655
"861","35-50",Nov 2017,1570.4316959033,1589.4575461011
"863","35-50",Dec 2017,1671.05870306927,1591.14317343947
"865","35-50",Jan 2018,1590.44326517589,1592.70054348004
"867","35-50",Feb 2018,1564.67069211341,1594.05780755556
"869","35-50",Mar 2018,1605.45994529101,1595.61699511696
"871","35-50",Apr 2018,1592.05872303014,1597.75798117972
"873","35-50",May 2018,1581.58230742893,1599.55444182516
"875","35-50",Jun 2018,1580.01703820627,1601.56350537714
"877","35-50",Jul 2018,1592.87174116138,1603.83592008779
"879","35-50",Aug 2018,1583.06163046652,1605.73836906947
"881","35-50",Sep 2018,1665.79916655848,1607.22240784593
"883","35-50",Oct 2018,1588.41332713962,1608.61426090157
"885","35-50",Nov 2018,1588.00182861878,1610.22043190982
"887","35-50",Dec 2018,1701.70609560119,1611.83512248599
"889","35-50",Jan 2019,1614.33382569953,1613.26728679595
"891","35-50",Feb 2019,1586.43890715018,1614.54129119717
"893","35-50",Mar 2019,1619.30866088939,1615.74386494689
"895","35-50",Apr 2019,1611.61448076703,1616.32768618037
"897","35-50",May 2019,1600.57465389001,1616.72738467713
"899","35-50",Jun 2019,1599.77726557336,1617.38912343386
"901","35-50",Jul 2019,1607.48345723335,1617.74876964447
"903","35-50",Aug 2019,1599.02602002383,1617.95624278921
"905","35-50",Sep 2019,1678.69654699444,1618.33602952123
"907","35-50",Oct 2019,1589.527656307,1617.69850751902
"909","35-50",Nov 2019,1596.48026337382,1617.39868916948
"911","35-50",Dec 2019,1709.10939100767,1619.16750842218
"913","35-50",Jan 2020,1615.56203934754,1621.79225450606
"915","35-50",Feb 2020,1590.19004897589,1624.4342959745
"917","35-50",Mar 2020,1624.67240063223,1626.37117612811
"919","35-50",Apr 2020,1590.95021297115,1627.10403951687
"921","35-50",May 2020,1614.043281297,1627.26472708487
"923","35-50",Jun 2020,1628.76030023111,1627.34012557163
"925","35-50",Jul 2020,1641.49432858886,1626.65128100374
"927","35-50",Aug 2020,1628.42414391085,1625.91421782154
"929","35-50",Sep 2020,1695.78354679391,1625.87997728131
"931","35-50",Oct 2020,1590.02937783777,1626.8241900932
"933","35-50",Nov 2020,1599.83504347521,1627.56183875376
"935","35-50",Dec 2020,1707.56417458848,1627.35783750882
"937","35-50",Jan 2021,1600.5749861374,1627.31884378273
"939","35-50",Feb 2021,1587.48758581307,1626.73437098002
"941","35-50",Mar 2021,1626.55309082953,1625.0065505562
"943","35-50",Apr 2021,1611.73063025922,1623.84473968538
"945","35-50",May 2021,1610.96643186246,1623.41219303125
"947","35-50",Jun 2021,1626.94111978702,1622.87692438713
"949","35-50",Jul 2021,1642.37765960675,1622.61991660596
"951","35-50",Aug 2021,1613.5134656281,1622.21079441186
"953","35-50",Sep 2021,1669.22653490483,1620.53991899606
"955","35-50",Oct 2021,1588.70292882721,1617.245481183
"957","35-50",Nov 2021,1590.78037278655,1613.54677640504
"959","35-50",Dec 2021,1703.77239781829,1609.40160540437
"961","35-50",Jan 2022,1598.19857615952,1603.98426260973
"963","35-50",Feb 2022,1580.04506313257,1599.20551032512
"965","35-50",Mar 2022,1593.89460353089,1596.04676714231
"967","35-50",Apr 2022,1565.32261004428,1593.76413197951
"969","35-50",May 2022,1568.6055374065,1591.55050864621
"971","35-50",Jun 2022,1569.81791022685,1589.03808983598
"973","35-50",Jul 2022,1569.48464209563,1587.60912123613
"975","35-50",Aug 2022,1571.71642830857,1586.97385639137
"977","35-50",Sep 2022,1635.21373583693,1586.64151191133
"979","35-50",Oct 2022,1567.93248398785,1587.73952267978
"981","35-50",Nov 2022,1558.42385762671,1590.18159841922
"983","35-50",Dec 2022,1675.8308615325,1593.40962371445
"985","35-50",Jan 2023,1591.84486604894,1597.15308987963
"987","35-50",Feb 2023,1571.15241696893,1601.19722120588
"989","35-50",Mar 2023,1594.81098217362,1605.41710031769
"991","35-50",Apr 2023,1590.75848984429,1609.8337155859
"993","35-50",May 2023,1601.77947535317,1614.38184169393
"995","35-50",Jun 2023,1614.1165793657,1619.14106147607
"997","35-50",Jul 2023,1615.02916092115,1623.86892764438
"999","35-50",Aug 2023,1623.2310613129,1627.79137042355
"1001","35-50",Sep 2023,1684.97620151601,1631.91903302893
